,event,ham
lower,-32582.4073731,-31994.0158694
max,1238560.75,44151.5625
min,4705.415039,-1935.239136
upper,27280.0504881,28533.6158207
